{
	"tables": [{
		"id": 1,
		"name": "01",
		"pax": 4,
		"reservation": [
			{ "time": "08:00am", "text": "" },
			{ "time": "09:00am", "text": "Reserved by Sean" },
			{ "time": "10:00am", "text": "" },
			{ "time": "11:00am", "text": "" },
			{ "time": "12:00pm", "text": "" },
			{ "time": "01:00pm", "text": "" },
			{ "time": "02:00pm", "text": "" },
			{ "time": "03:00pm", "text": "" },
			{ "time": "04:00pm", "text": "" },
			{ "time": "05:00pm", "text": "Reserved by Irene Wong (4pax)" },
			{ "time": "06:00pm", "text": "Reserved by Irene Wong (4pax)" },
			{ "time": "07:00pm", "text": "" },
			{ "time": "08:00pm", "text": "" },
			{ "time": "09:00pm", "text": "" },
			{ "time": "10:00pm", "text": "" }
		]
	},{
		"id": 2,
		"name": "02",
		"pax": 8,
		"reservation": [
			{ "time": "08:00am", "text": "" },
			{ "time": "09:00am", "text": "" },
			{ "time": "10:00am", "text": "" },
			{ "time": "11:00am", "text": "Walk in breakfast" },
			{ "time": "12:00pm", "text": "Reserved by John (8pax)" },
			{ "time": "01:00pm", "text": "" },
			{ "time": "02:00pm", "text": "" },
			{ "time": "03:00pm", "text": "" },
			{ "time": "04:00pm", "text": "" },
			{ "time": "05:00pm", "text": "" },
			{ "time": "06:00pm", "text": "Reserved by Terry (6pax)" },
			{ "time": "07:00pm", "text": "" },
			{ "time": "08:00pm", "text": "" },
			{ "time": "09:00pm", "text": "" },
			{ "time": "10:00pm", "text": "" }
		]
	},{
		"id": 3,
		"name": "03",
		"pax": 8,
		"reservation": [
			{ "time": "08:00am", "text": "" },
			{ "time": "09:00am", "text": "" },
			{ "time": "10:00am", "text": "" },
			{ "time": "11:00am", "text": "" },
			{ "time": "12:00pm", "text": "Walk in lunch" },
			{ "time": "01:00pm", "text": "Reserved by Lisa (8pax)" },
			{ "time": "02:00pm", "text": "Reserved by Lisa (8pax)" },
			{ "time": "03:00pm", "text": "" },
			{ "time": "04:00pm", "text": "" },
			{ "time": "05:00pm", "text": "" },
			{ "time": "06:00pm", "text": "Reserved by Terry" },
			{ "time": "07:00pm", "text": "" },
			{ "time": "08:00pm", "text": "" },
			{ "time": "09:00pm", "text": "" },
			{ "time": "10:00pm", "text": "" }
		]
	},{
		"id": 4,
		"name": "04",
		"pax": 4,
		"reservation": [
			{ "time": "08:00am", "text": "Walk in breakfast" },
			{ "time": "09:00am", "text": "Walk in breakfast" },
			{ "time": "10:00am", "text": "" },
			{ "time": "11:00am", "text": "" },
			{ "time": "12:00pm", "text": "Walk in lunch" },
			{ "time": "01:00pm", "text": "Reserved by Richard (4pax)" },
			{ "time": "02:00pm", "text": "Reserved by Richard (4pax)" },
			{ "time": "03:00pm", "text": "" },
			{ "time": "04:00pm", "text": "" },
			{ "time": "05:00pm", "text": "" },
			{ "time": "06:00pm", "text": "Reserved by Paul (3pax)" },
			{ "time": "07:00pm", "text": "Reserved by Paul (3pax)" },
			{ "time": "08:00pm", "text": "Reserved by Paul (3pax)" },
			{ "time": "09:00pm", "text": "" },
			{ "time": "10:00pm", "text": "" }
		]
	},{
		"id": 5,
		"name": "05",
		"pax": 4,
		"reservation": [
			{ "time": "08:00am", "text": "Walk in breakfast" },
			{ "time": "09:00am", "text": "Walk in breakfast" },
			{ "time": "10:00am", "text": "" },
			{ "time": "11:00am", "text": "" },
			{ "time": "12:00pm", "text": "Walk in lunch" },
			{ "time": "01:00pm", "text": "" },
			{ "time": "02:00pm", "text": "" },
			{ "time": "03:00pm", "text": "" },
			{ "time": "04:00pm", "text": "" },
			{ "time": "05:00pm", "text": "" },
			{ "time": "06:00pm", "text": "" },
			{ "time": "07:00pm", "text": "" },
			{ "time": "08:00pm", "text": "" },
			{ "time": "09:00pm", "text": "" },
			{ "time": "10:00pm", "text": "" }
		]
	},{
		"id": 6,
		"name": "06",
		"pax": 4,
		"reservation": [
			{ "time": "08:00am", "text": "" },
			{ "time": "09:00am", "text": "Walk in breakfast" },
			{ "time": "10:00am", "text": "Walk in breakfast" },
			{ "time": "11:00am", "text": "" },
			{ "time": "12:00pm", "text": "" },
			{ "time": "01:00pm", "text": "" },
			{ "time": "02:00pm", "text": "" },
			{ "time": "03:00pm", "text": "" },
			{ "time": "04:00pm", "text": "" },
			{ "time": "05:00pm", "text": "" },
			{ "time": "06:00pm", "text": "" },
			{ "time": "07:00pm", "text": "" },
			{ "time": "08:00pm", "text": "" },
			{ "time": "09:00pm", "text": "" },
			{ "time": "10:00pm", "text": "" }
		]
	},{
		"id": 7,
		"name": "07",
		"pax": 6,
		"reservation": [
			{ "time": "08:00am", "text": "Walk in breakfast" },
			{ "time": "09:00am", "text": "Walk in breakfast" },
			{ "time": "10:00am", "text": "" },
			{ "time": "11:00am", "text": "" },
			{ "time": "12:00pm", "text": "Walk in lunch" },
			{ "time": "01:00pm", "text": "" },
			{ "time": "02:00pm", "text": "" },
			{ "time": "03:00pm", "text": "" },
			{ "time": "04:00pm", "text": "" },
			{ "time": "05:00pm", "text": "" },
			{ "time": "06:00pm", "text": "" },
			{ "time": "07:00pm", "text": "" },
			{ "time": "08:00pm", "text": "" },
			{ "time": "09:00pm", "text": "" },
			{ "time": "10:00pm", "text": "" }
		]
	},{
		"id": 8,
		"name": "08",
		"pax": 4,
		"reservation": [
			{ "time": "08:00am", "text": "Walk in breakfast" },
			{ "time": "09:00am", "text": "Walk in breakfast" },
			{ "time": "10:00am", "text": "" },
			{ "time": "11:00am", "text": "" },
			{ "time": "12:00pm", "text": "Walk in lunch" },
			{ "time": "01:00pm", "text": "" },
			{ "time": "02:00pm", "text": "" },
			{ "time": "03:00pm", "text": "" },
			{ "time": "04:00pm", "text": "" },
			{ "time": "05:00pm", "text": "" },
			{ "time": "06:00pm", "text": "" },
			{ "time": "07:00pm", "text": "" },
			{ "time": "08:00pm", "text": "" },
			{ "time": "09:00pm", "text": "" },
			{ "time": "10:00pm", "text": "" }
		]
	},{
		"id": 9,
		"name": "09",
		"pax": 4,
		"reservation": [
			{ "time": "08:00am", "text": "Walk in breakfast" },
			{ "time": "09:00am", "text": "Walk in breakfast" },
			{ "time": "10:00am", "text": "" },
			{ "time": "11:00am", "text": "" },
			{ "time": "12:00pm", "text": "" },
			{ "time": "01:00pm", "text": "" },
			{ "time": "02:00pm", "text": "" },
			{ "time": "03:00pm", "text": "" },
			{ "time": "04:00pm", "text": "" },
			{ "time": "05:00pm", "text": "" },
			{ "time": "06:00pm", "text": "" },
			{ "time": "07:00pm", "text": "" },
			{ "time": "08:00pm", "text": "" },
			{ "time": "09:00pm", "text": "" },
			{ "time": "10:00pm", "text": "" }
		]
	},{
		"id": 10,
		"name": "10",
		"pax": 4,
		"reservation": [
			{ "time": "08:00am", "text": "Walk in breakfast" },
			{ "time": "09:00am", "text": "Walk in breakfast" },
			{ "time": "10:00am", "text": "" },
			{ "time": "11:00am", "text": "" },
			{ "time": "12:00pm", "text": "Walk in lunch" },
			{ "time": "01:00pm", "text": "" },
			{ "time": "02:00pm", "text": "" },
			{ "time": "03:00pm", "text": "" },
			{ "time": "04:00pm", "text": "" },
			{ "time": "05:00pm", "text": "" },
			{ "time": "06:00pm", "text": "" },
			{ "time": "07:00pm", "text": "" },
			{ "time": "08:00pm", "text": "" },
			{ "time": "09:00pm", "text": "" },
			{ "time": "10:00pm", "text": "" }
		]
	},{
		"id": 11,
		"name": "11",
		"pax": 4,
		"reservation": [
			{ "time": "08:00am", "text": "" },
			{ "time": "09:00am", "text": "" },
			{ "time": "10:00am", "text": "" },
			{ "time": "11:00am", "text": "" },
			{ "time": "12:00pm", "text": "" },
			{ "time": "01:00pm", "text": "" },
			{ "time": "02:00pm", "text": "" },
			{ "time": "03:00pm", "text": "" },
			{ "time": "04:00pm", "text": "" },
			{ "time": "05:00pm", "text": "" },
			{ "time": "06:00pm", "text": "" },
			{ "time": "07:00pm", "text": "" },
			{ "time": "08:00pm", "text": "" },
			{ "time": "09:00pm", "text": "" },
			{ "time": "10:00pm", "text": "" }
		]
	},{
		"id": 12,
		"name": "12",
		"pax": 4,
		"reservation": [
			{ "time": "08:00am", "text": "" },
			{ "time": "09:00am", "text": "" },
			{ "time": "10:00am", "text": "" },
			{ "time": "11:00am", "text": "" },
			{ "time": "12:00pm", "text": "" },
			{ "time": "01:00pm", "text": "" },
			{ "time": "02:00pm", "text": "" },
			{ "time": "03:00pm", "text": "" },
			{ "time": "04:00pm", "text": "" },
			{ "time": "05:00pm", "text": "" },
			{ "time": "06:00pm", "text": "" },
			{ "time": "07:00pm", "text": "" },
			{ "time": "08:00pm", "text": "" },
			{ "time": "09:00pm", "text": "" },
			{ "time": "10:00pm", "text": "" }
		]
	},{
		"id": 13,
		"name": "13",
		"pax": 4,
		"reservation": [
			{ "time": "08:00am", "text": "" },
			{ "time": "09:00am", "text": "" },
			{ "time": "10:00am", "text": "" },
			{ "time": "11:00am", "text": "" },
			{ "time": "12:00pm", "text": "" },
			{ "time": "01:00pm", "text": "" },
			{ "time": "02:00pm", "text": "" },
			{ "time": "03:00pm", "text": "" },
			{ "time": "04:00pm", "text": "" },
			{ "time": "05:00pm", "text": "" },
			{ "time": "06:00pm", "text": "" },
			{ "time": "07:00pm", "text": "" },
			{ "time": "08:00pm", "text": "" },
			{ "time": "09:00pm", "text": "" },
			{ "time": "10:00pm", "text": "" }
		]
	},{
		"id": 14,
		"name": "14",
		"pax": 6,
		"reservation": [
			{ "time": "08:00am", "text": "Walk in breakfast" },
			{ "time": "09:00am", "text": "Walk in breakfast" },
			{ "time": "10:00am", "text": "" },
			{ "time": "11:00am", "text": "" },
			{ "time": "12:00pm", "text": "Walk in lunch" },
			{ "time": "01:00pm", "text": "" },
			{ "time": "02:00pm", "text": "" },
			{ "time": "03:00pm", "text": "" },
			{ "time": "04:00pm", "text": "" },
			{ "time": "05:00pm", "text": "" },
			{ "time": "06:00pm", "text": "" },
			{ "time": "07:00pm", "text": "" },
			{ "time": "08:00pm", "text": "" },
			{ "time": "09:00pm", "text": "" },
			{ "time": "10:00pm", "text": "" }
		]
	},{
		"id": 15,
		"name": "15",
		"pax": 6,
		"reservation": [
			{ "time": "08:00am", "text": "Walk in breakfast" },
			{ "time": "09:00am", "text": "Walk in breakfast" },
			{ "time": "10:00am", "text": "" },
			{ "time": "11:00am", "text": "" },
			{ "time": "12:00pm", "text": "Walk in lunch" },
			{ "time": "01:00pm", "text": "" },
			{ "time": "02:00pm", "text": "" },
			{ "time": "03:00pm", "text": "" },
			{ "time": "04:00pm", "text": "" },
			{ "time": "05:00pm", "text": "" },
			{ "time": "06:00pm", "text": "" },
			{ "time": "07:00pm", "text": "" },
			{ "time": "08:00pm", "text": "" },
			{ "time": "09:00pm", "text": "" },
			{ "time": "10:00pm", "text": "" }
		]
	},{
		"id": 16,
		"name": "16",
		"pax": 4,
		"reservation": [
			{ "time": "08:00am", "text": "" },
			{ "time": "09:00am", "text": "" },
			{ "time": "10:00am", "text": "" },
			{ "time": "11:00am", "text": "" },
			{ "time": "12:00pm", "text": "" },
			{ "time": "01:00pm", "text": "" },
			{ "time": "02:00pm", "text": "" },
			{ "time": "03:00pm", "text": "" },
			{ "time": "04:00pm", "text": "" },
			{ "time": "05:00pm", "text": "" },
			{ "time": "06:00pm", "text": "" },
			{ "time": "07:00pm", "text": "" },
			{ "time": "08:00pm", "text": "" },
			{ "time": "09:00pm", "text": "" },
			{ "time": "10:00pm", "text": "" }
		]
	},{
		"id": 17,
		"name": "17",
		"pax": 4,
		"reservation": [
			{ "time": "08:00am", "text": "" },
			{ "time": "09:00am", "text": "" },
			{ "time": "10:00am", "text": "" },
			{ "time": "11:00am", "text": "" },
			{ "time": "12:00pm", "text": "" },
			{ "time": "01:00pm", "text": "" },
			{ "time": "02:00pm", "text": "" },
			{ "time": "03:00pm", "text": "" },
			{ "time": "04:00pm", "text": "" },
			{ "time": "05:00pm", "text": "" },
			{ "time": "06:00pm", "text": "" },
			{ "time": "07:00pm", "text": "" },
			{ "time": "08:00pm", "text": "" },
			{ "time": "09:00pm", "text": "" },
			{ "time": "10:00pm", "text": "" }
		]
	},{
		"id": 18,
		"name": "18",
		"pax": 6,
		"reservation": [
			{ "time": "08:00am", "text": "Walk in breakfast" },
			{ "time": "09:00am", "text": "Walk in breakfast" },
			{ "time": "10:00am", "text": "" },
			{ "time": "11:00am", "text": "" },
			{ "time": "12:00pm", "text": "Walk in lunch" },
			{ "time": "01:00pm", "text": "" },
			{ "time": "02:00pm", "text": "" },
			{ "time": "03:00pm", "text": "" },
			{ "time": "04:00pm", "text": "" },
			{ "time": "05:00pm", "text": "" },
			{ "time": "06:00pm", "text": "" },
			{ "time": "07:00pm", "text": "" },
			{ "time": "08:00pm", "text": "" },
			{ "time": "09:00pm", "text": "" },
			{ "time": "10:00pm", "text": "" }
		]
	},{
		"id": 19,
		"name": "19",
		"pax": 6,
		"reservation": [
			{ "time": "08:00am", "text": "Walk in breakfast" },
			{ "time": "09:00am", "text": "Walk in breakfast" },
			{ "time": "10:00am", "text": "" },
			{ "time": "11:00am", "text": "" },
			{ "time": "12:00pm", "text": "Walk in lunch" },
			{ "time": "01:00pm", "text": "" },
			{ "time": "02:00pm", "text": "" },
			{ "time": "03:00pm", "text": "" },
			{ "time": "04:00pm", "text": "" },
			{ "time": "05:00pm", "text": "" },
			{ "time": "06:00pm", "text": "" },
			{ "time": "07:00pm", "text": "" },
			{ "time": "08:00pm", "text": "" },
			{ "time": "09:00pm", "text": "" },
			{ "time": "10:00pm", "text": "" }
		]
	},{
		"id": 20,
		"name": "20",
		"pax": 6,
		"reservation": [
			{ "time": "08:00am", "text": "Walk in breakfast" },
			{ "time": "09:00am", "text": "Walk in breakfast" },
			{ "time": "10:00am", "text": "" },
			{ "time": "11:00am", "text": "" },
			{ "time": "12:00pm", "text": "Walk in lunch" },
			{ "time": "01:00pm", "text": "" },
			{ "time": "02:00pm", "text": "" },
			{ "time": "03:00pm", "text": "" },
			{ "time": "04:00pm", "text": "" },
			{ "time": "05:00pm", "text": "" },
			{ "time": "06:00pm", "text": "" },
			{ "time": "07:00pm", "text": "" },
			{ "time": "08:00pm", "text": "" },
			{ "time": "09:00pm", "text": "" },
			{ "time": "10:00pm", "text": "" }
		]
	}]
}